DeviceSN	40009
LaserWavelength_nm	785
Exposure_ms	200
GainMultiplier	1
LaserCurrent_mA	3130
LaserPower_mW	83.8163528
RepetitionCount	10
Tags	
50	11.1645765
51	11.3579502
52	11.5605478
53	11.7521982
54	12.0215006
55	12.3386049
56	12.5833874
57	12.8388948
58	13.0920391
59	13.2324505
60	13.3522415
61	13.4605074
62	13.4890699
63	13.4374447
64	13.3651094
65	13.3197002
66	13.2400942
67	13.1569138
68	13.1244936
69	13.0926428
70	13.0421772
71	12.957058
72	12.7834167
73	12.6023388
74	12.4911432
75	12.3910112
76	12.2907486
77	12.1401901
78	11.8260307
79	11.5235882
80	11.3536663
81	11.1852722
82	11.0178156
83	10.8364458
84	10.6102972
85	10.3944883
86	10.2132549
87	10.0300798
88	9.84730244
89	9.6543808
90	9.44323349
91	9.23195457
92	8.9988308
93	8.7322464
94	8.47198677
95	8.20490932
96	7.93112278
97	7.69494581
98	7.48883867
99	7.29173613
100	7.1022377
101	6.89873886
102	6.69240761
103	6.50662231
104	6.31011057
105	6.11314964
106	5.9375267
107	5.72323561
108	5.50724506
109	5.34339237
110	5.18958187
111	5.03983593
112	4.89057064
113	4.70970917
114	4.54125309
115	4.42350149
116	4.32402611
117	4.223032
118	4.0975318
119	3.93852258
120	3.77787352
121	3.62463427
122	3.45836592
123	3.29905868
124	3.14417171
125	2.98669577
126	2.85539794
127	2.7469635
128	2.64667511
129	2.5648191
130	2.48265123
131	2.39768124
132	2.328686
133	2.26032948
134	2.19149351
135	2.135499
136	2.0835886
137	2.03276777
138	1.98464882
139	1.93229926
140	1.88141108
141	1.83752811
142	1.79189801
143	1.75461471
144	1.73169363
145	1.70617044
146	1.68544078
147	1.66936433
148	1.64233291
149	1.61775267
150	1.59356666
151	1.55740774
152	1.53197443
153	1.52321887
154	1.51641965
155	1.50952256
156	1.49198771
157	1.46775317
158	1.45333624
159	1.45235729
160	1.45449412
161	1.4495827
162	1.42357159
163	1.39246309
164	1.37651265
165	1.35938704
166	1.34385824
167	1.3388772
168	1.33792186
169	1.3352499
170	1.32283461
171	1.29429531
172	1.26829994
173	1.25456619
174	1.24033189
175	1.23090065
176	1.22133636
177	1.20458925
178	1.19442892
179	1.19239199
180	1.18948913
181	1.18375611
182	1.16358411
183	1.13701999
184	1.12312722
185	1.12007785
186	1.1200881
187	1.11973333
188	1.11930132
189	1.11855817
190	1.11644185
191	1.11235237
192	1.108881
193	1.10943842
194	1.11472976
195	1.11938941
196	1.11879766
197	1.11523175
198	1.11363125
199	1.1200676
200	1.13297009
201	1.14421189
202	1.16028905
203	1.18140101
204	1.19496846
205	1.20837951
206	1.22367024
207	1.23555934
208	1.25339162
209	1.27210331
210	1.28384483
211	1.29767776
212	1.31081212
213	1.32342517
214	1.34714508
215	1.3665024
216	1.36970913
217	1.36672974
218	1.36627042
219	1.37397313
220	1.38411343
221	1.38816881
222	1.3789432
223	1.3594327
224	1.33498871
225	1.28968084
226	1.23740053
227	1.20483518
228	1.18419182
229	1.16370738
230	1.13385296
231	1.08426142
232	1.02989471
233	0.981139779
234	0.927173495
235	0.873324871
236	0.819823861
237	0.763343036
238	0.713989437
239	0.672531068
240	0.633412838
241	0.597690105
242	0.557742119
243	0.519644201
244	0.496484637
245	0.480108887
246	0.465848595
247	0.452166766
248	0.431660593
249	0.413674295
250	0.405789822
251	0.399173021
252	0.393365532
253	0.382015228
254	0.361276239
255	0.348703116
256	0.352055281
257	0.36002779
258	0.362731487
259	0.350160807
260	0.332592219
261	0.325946361
262	0.325820476
263	0.327063739
264	0.328621358
265	0.330994904
266	0.332859278
267	0.331479549
268	0.325287849
269	0.319804728
270	0.319844186
271	0.322959274
272	0.323779553
273	0.318629146
274	0.310543627
275	0.304050505
276	0.298127234
277	0.292809725
278	0.289370865
279	0.281912804
280	0.274925917
281	0.274378091
282	0.276696742
283	0.277682751
284	0.272616416
285	0.261684
286	0.253292173
287	0.248967275
288	0.244313821
289	0.241569683
290	0.237935051
291	0.232709587
292	0.228341967
293	0.224457756
294	0.221035749
295	0.218335286
296	0.215138748
297	0.212457329
298	0.209957749
299	0.205224037
300	0.201918095
301	0.202072024
302	0.203193128
303	0.203393623
304	0.199708506
305	0.194669053
306	0.193671986
307	0.199203804
308	0.205521643
309	0.206752375
310	0.205899298
311	0.204483673
312	0.203584075
313	0.204206035
314	0.204617336
315	0.203673661
316	0.202746585
317	0.203526378
318	0.206882745
319	0.210770637
320	0.212250009
321	0.207285017
322	0.201178551
323	0.201047733
324	0.206295162
325	0.211384431
326	0.214082316
327	0.218825355
328	0.221932724
329	0.221373469
330	0.219463319
331	0.217698455
332	0.214446455
333	0.210553467
334	0.209062204
335	0.209222585
336	0.209405795
337	0.208673
338	0.207581833
339	0.206834391
340	0.207421899
341	0.209177151
342	0.20969896
343	0.207943395
344	0.205217972
345	0.202380732
346	0.196709335
347	0.190796688
348	0.189168736
349	0.189016849
350	0.188837931
351	0.187792823
352	0.185535342
353	0.184427842
354	0.186366156
355	0.19002004
356	0.193084314
357	0.19741945
358	0.202232182
359	0.203338876
360	0.199002385
361	0.193831816
362	0.193063304
363	0.196749747
364	0.19984743
365	0.199754104
366	0.200187609
367	0.202192813
368	0.210389733
369	0.221582592
370	0.226043761
371	0.226416573
372	0.226819202
373	0.228937045
374	0.234854087
375	0.240599126
376	0.244223118
377	0.24934046
378	0.253333211
379	0.256298244
380	0.260390759
381	0.265307486
382	0.27583465
383	0.287340194
384	0.292233884
385	0.295345485
386	0.297121882
387	0.297035098
388	0.297413617
389	0.298841715
390	0.304096133
391	0.313181698
392	0.321240574
393	0.33403185
394	0.347569615
395	0.35109973
396	0.343990445
397	0.337227136
398	0.34318912
399	0.36190331
400	0.375753403
401	0.376800835
402	0.37520057
403	0.376492947
404	0.385928899
405	0.396582752
406	0.397714853
407	0.385760665
408	0.372781634
409	0.366060734
410	0.356161892
411	0.347565413
412	0.338986993
413	0.327657908
414	0.319277585
415	0.310027987
416	0.300058573
417	0.292581469
418	0.282855481
419	0.274137497
420	0.26878944
421	0.262893736
422	0.257882833
423	0.249086916
424	0.2370978
425	0.231976792
426	0.234041587
427	0.236850485
428	0.235300541
429	0.229912654
430	0.224694103
431	0.2202712
432	0.214016378
433	0.210992396
434	0.215493008
435	0.222651422
436	0.224473879
437	0.218223363
438	0.211263344
439	0.209516451
440	0.207668543
441	0.205646873
442	0.203164816
443	0.199914396
444	0.197928771
445	0.198515266
446	0.199425608
447	0.197535053
448	0.191813871
449	0.185612217
450	0.180380449
451	0.17353341
452	0.169122756
453	0.167844847
454	0.166831166
455	0.165479735
456	0.162893862
457	0.159823
458	0.15728876
459	0.154936299
460	0.152497515
461	0.148362696
462	0.142669186
463	0.140463442
464	0.146017388
465	0.153491572
466	0.154257834
467	0.148117244
468	0.141921848
469	0.140966788
470	0.142666504
471	0.14402315
472	0.143759355
473	0.14320007
474	0.143491477
475	0.146870777
476	0.150525093
477	0.150546104
478	0.14737007
479	0.144255951
480	0.14237842
481	0.14031817
482	0.139134631
483	0.138908997
484	0.139160082
485	0.139683858
486	0.140445143
487	0.141102761
488	0.141179055
489	0.141037598
490	0.142083421
491	0.14571093
492	0.149757937
493	0.150287449
494	0.143980846
495	0.137664124
496	0.13619566
497	0.13380152
498	0.132827446
499	0.138105884
500	0.14651008
501	0.14900732
502	0.144587606
503	0.139811248
504	0.140021428
505	0.142919406
506	0.145252943
507	0.145368844
508	0.144718796
509	0.144578278
510	0.146723524
511	0.150246248
512	0.154144958
513	0.159832716
514	0.163675323
515	0.161042601
516	0.154246479
517	0.151420653
518	0.155977994
519	0.162398845
520	0.165398031
521	0.167711288
522	0.169442549
523	0.16968888
524	0.169190124
525	0.170090646
526	0.177177295
527	0.186006323
528	0.189552516
529	0.194929108
530	0.200147897
531	0.204284325
532	0.210883766
533	0.215026423
534	0.21982944
535	0.225552186
536	0.227407902
537	0.228335097
538	0.229241118
539	0.2307522
540	0.233475313
541	0.234751701
542	0.23458083
543	0.23424387
544	0.233193278
545	0.228116199
546	0.223241255
547	0.220937312
548	0.217357635
549	0.215171352
550	0.216022268
551	0.217463508
552	0.216391325
553	0.212946817
554	0.211011216
555	0.216362312
556	0.22818391
557	0.233711421
558	0.221320704
559	0.203434572
560	0.19846791
561	0.201228589
562	0.204359397
563	0.204835311
564	0.204687417
565	0.203592986
566	0.199787185
567	0.195289895
568	0.194113359
569	0.197203383
570	0.200155929
571	0.197059393
572	0.189048603
573	0.185452759
574	0.184808597
575	0.183680013
576	0.182158038
577	0.179675579
578	0.17713879
579	0.174185902
580	0.170751959
581	0.17010662
582	0.176311716
583	0.183623999
584	0.184199035
585	0.179097384
586	0.174582183
587	0.171288908
588	0.167075932
589	0.166161835
590	0.168919578
591	0.171588093
592	0.171381027
593	0.170307487
594	0.169645831
595	0.171528384
596	0.175050706
597	0.177577361
598	0.182596475
599	0.187287539
600	0.188399196
601	0.188505396
602	0.189517349
603	0.191956371
604	0.195657372
605	0.202160746
606	0.21657154
607	0.231082171
608	0.241082355
609	0.252954841
610	0.269375861
611	0.302854985
612	0.35264343
613	0.416650295
614	0.510525107
615	0.624869823
616	0.795413733
617	0.986511648
618	1.06938934
619	1.10128522
620	1.11492443
621	1.05532098
622	0.859437168
623	0.677780032
624	0.545597613
625	0.433400273
626	0.361465394
627	0.308176756
628	0.273140609
629	0.255157113
630	0.242004141
631	0.23178865
632	0.217753753
633	0.204061493
634	0.196585566
635	0.189174771
636	0.182719156
637	0.176269472
638	0.169454575
639	0.164944068
640	0.160308152
641	0.156331539
642	0.151426062
643	0.142419085
644	0.137797847
645	0.13758336
646	0.137625769
647	0.135324061
648	0.127661735
649	0.122327276
650	0.124049179
651	0.128243923
652	0.131097823
653	0.133139223
654	0.133899048
655	0.132363558
656	0.12960504
657	0.126615256
658	0.121483348
659	0.116183192
660	0.115270205
661	0.118067466
662	0.120378166
663	0.120067738
664	0.118979983
665	0.118264124
666	0.120516755
667	0.122850582
668	0.122711621
669	0.122666255
670	0.122492358
671	0.125152707
672	0.128553718
673	0.126782089
674	0.118762866
675	0.112656638
676	0.113164037
677	0.116187803
678	0.119103521
679	0.125125498
680	0.130271956
681	0.127926171
682	0.119777918
683	0.115787797
684	0.116523854
685	0.117494591
686	0.117280968
687	0.117275178
688	0.117533728
689	0.116634272
690	0.11493209
691	0.115178876
692	0.11917989
693	0.124309488
694	0.132672787
695	0.146563932
696	0.154253632
697	0.156492174
698	0.157501087
699	0.158193156
700	0.158128008
701	0.15781574
702	0.158033073
703	0.15796791
704	0.15590401
705	0.151227877
706	0.147019386
707	0.142204031
708	0.135390088
709	0.131666169
710	0.128944948
711	0.126825273
712	0.127318993
713	0.130382374
714	0.131380558
715	0.12890327
716	0.126397744
717	0.127494663
718	0.131715402
719	0.134015679
720	0.132105947
721	0.129560739
722	0.130628049
723	0.137247086
724	0.143757284
725	0.147160843
726	0.150323808
727	0.155297473
728	0.168678835
729	0.183505878
730	0.19621411
731	0.212310761
732	0.226253152
733	0.247317702
734	0.268072635
735	0.279920101
736	0.294101864
737	0.303426415
738	0.308984578
739	0.314130306
740	0.319105923
741	0.327052057
742	0.333400548
743	0.337121964
744	0.341165096
745	0.347324342
746	0.360881448
747	0.372527272
748	0.380173594
749	0.390164614
750	0.398487836
751	0.412405074
752	0.425314486
753	0.435085058
754	0.449171573
755	0.456689596
756	0.460264206
757	0.462073147
758	0.458901227
759	0.450388461
760	0.445561647
761	0.443974435
762	0.442571759
763	0.438569784
764	0.426128
765	0.418700248
766	0.413083851
767	0.404929936
768	0.400105268
769	0.394504726
770	0.3901003
771	0.384211868
772	0.376876533
773	0.375462711
774	0.379099488
775	0.383970261
776	0.393462092
777	0.409022272
778	0.421847731
779	0.443128109
780	0.463564575
781	0.47869575
782	0.499006093
783	0.520228505
784	0.553445876
785	0.591878295
786	0.631138206
787	0.676874518
788	0.713041544
789	0.741313338
790	0.76756078
791	0.797336638
792	0.830446422
793	0.845050514
794	0.842303932
795	0.83220309
796	0.811569154
797	0.769575357
798	0.726160228
799	0.67823416
800	0.627058983
801	0.581240058
802	0.532356858
803	0.492986321
804	0.46176675
805	0.435534239
806	0.416953802
807	0.398179948
808	0.384043932
809	0.371931791
810	0.358863175
811	0.345340073
812	0.323319972
813	0.304091841
814	0.289108515
815	0.274197638
816	0.260706514
817	0.240956873
818	0.22715722
819	0.221129194
820	0.215880916
821	0.212884292
822	0.20891948
823	0.205773517
824	0.203845575
825	0.20248723
826	0.203921378
827	0.210738212
828	0.216995329
829	0.222029224
830	0.228146106
831	0.231927231
832	0.236815587
833	0.242629305
834	0.254283756
835	0.270783931
836	0.281047076
837	0.289962649
838	0.295984238
839	0.298304051
840	0.299608231
841	0.299406379
842	0.295055419
843	0.289560348
844	0.281817585
845	0.271399289
846	0.263988763
847	0.255182028
848	0.248973966
849	0.245713189
850	0.241490856
851	0.236887768
852	0.228277549
853	0.221716091
854	0.221515954
855	0.223308772
856	0.222894862
857	0.221419424
858	0.219996557
859	0.219655991
860	0.220271677
861	0.221104383
862	0.223386377
863	0.224968165
864	0.224593937
865	0.223830193
866	0.223728687
867	0.22307308
868	0.222452223
869	0.221791059
870	0.220802546
871	0.219551772
872	0.217095181
873	0.215325296
874	0.217759386
875	0.221868202
876	0.223139018
877	0.223820493
878	0.223245889
879	0.218607455
880	0.213599414
881	0.213781506
882	0.216285914
883	0.217612833
884	0.213318214
885	0.207974344
886	0.20874247
887	0.213500291
888	0.215072572
889	0.213080719
890	0.211497232
891	0.213357344
892	0.218475878
893	0.223190174
894	0.231229678
895	0.240366504
896	0.250597119
897	0.264382631
898	0.269604653
899	0.269441575
900	0.269008309
901	0.27460742
902	0.285804749
903	0.289075911
904	0.282908767
905	0.275903195
906	0.268836856
907	0.259043068
908	0.252528965
909	0.245400295
910	0.239961892
911	0.236014321
912	0.231119186
913	0.223888442
914	0.208671585
915	0.196910128
916	0.190994933
917	0.186846346
918	0.185582936
919	0.18763873
920	0.188095286
921	0.180957779
922	0.172639996
923	0.171745792
924	0.174843445
925	0.175415635
926	0.172442049
927	0.170177102
928	0.17295216
929	0.179072157
930	0.181654766
931	0.180040658
932	0.178355113
933	0.180556029
934	0.184488475
935	0.184600949
936	0.181803942
937	0.180354014
938	0.185647115
939	0.193100616
940	0.19367142
941	0.190371931
942	0.188770309
943	0.19095403
944	0.19342114
945	0.192583039
946	0.189532459
947	0.188544288
948	0.189176202
949	0.189829916
950	0.190434143
951	0.191284597
952	0.191386119
953	0.189048693
954	0.187815174
955	0.194506913
956	0.205492839
957	0.209629133
958	0.212270841
959	0.215106353
960	0.221631512
961	0.229177162
962	0.231967404
963	0.233573854
964	0.234827578
965	0.237999871
966	0.240733266
967	0.238115698
968	0.231919125
969	0.231759831
970	0.242341951
971	0.253203034
972	0.259608179
973	0.267796934
974	0.280495048
975	0.306477487
976	0.32832554
977	0.343384892
978	0.36005947
979	0.380274862
980	0.409810185
981	0.444888353
982	0.491361558
983	0.546823084
984	0.607730627
985	0.678744733
986	0.758498549
987	0.850987554
988	0.951798737
989	1.05411994
990	1.1731782
991	1.33986652
992	1.58628535
993	1.91541171
994	2.41042876
995	3.0615263
996	3.91189408
997	4.98117208
998	5.73272705
999	6.29752398
1000	6.59133434
1001	6.1401763
1002	5.04594135
1003	4.03799391
1004	2.9926846
1005	2.17637587
1006	1.63783205
1007	1.23478913
1008	0.957256675
1009	0.74668622
1010	0.612507582
1011	0.517004132
1012	0.459086239
1013	0.437069386
1014	0.423022121
1015	0.421662807
1016	0.429650307
1017	0.441929072
1018	0.469887197
1019	0.515659451
1020	0.573269725
1021	0.657564163
1022	0.760884404
1023	0.900253832
1024	1.06361294
1025	1.25286829
1026	1.45825505
1027	1.61252034
1028	1.7478466
1029	1.80512643
1030	1.77143228
1031	1.70140052
1032	1.59970784
1033	1.42989111
1034	1.26796496
1035	1.11756992
1036	0.975271523
1037	0.839680076
1038	0.714610517
1039	0.631452084
1040	0.572014809
1041	0.522208035
1042	0.473950654
1043	0.433890224
1044	0.407648891
1045	0.386396199
1046	0.370883793
1047	0.356910229
1048	0.347334146
1049	0.341103643
1050	0.335078239
1051	0.331418425
1052	0.325566888
1053	0.322998017
1054	0.325456917
1055	0.328356147
1056	0.328965068
1057	0.329505116
1058	0.331323951
1059	0.336047709
1060	0.339206219
1061	0.343111396
1062	0.347604275
1063	0.347530872
1064	0.34707585
1065	0.350201845
1066	0.363106191
1067	0.373348445
1068	0.372572064
1069	0.368817478
1070	0.364856511
1071	0.357734174
1072	0.352842063
1073	0.347165585
1074	0.342236191
1075	0.341624558
1076	0.341597557
1077	0.341040462
1078	0.339753926
1079	0.33809939
1080	0.332422197
1081	0.325954288
1082	0.322722346
1083	0.317606568
1084	0.317581922
1085	0.326064169
1086	0.331963152
1087	0.324581861
1088	0.313804924
1089	0.316835016
1090	0.3313528
1091	0.336976975
1092	0.331580639
1093	0.326348752
1094	0.327356666
1095	0.32949993
1096	0.324726641
1097	0.308417439
1098	0.297930807
1099	0.296527028
1100	0.295596629
1101	0.287412912
1102	0.273692846
1103	0.264850169
1104	0.253119528
1105	0.244064644
1106	0.23382853
1107	0.222797886
1108	0.212844044
1109	0.199536264
1110	0.193437114
1111	0.188268483
1112	0.185611874
1113	0.185691193
1114	0.185477972
1115	0.183966801
1116	0.181156904
1117	0.176560968
1118	0.166473553
1119	0.158840641
1120	0.154190958
1121	0.149782434
1122	0.147313505
1123	0.143568337
1124	0.142130464
1125	0.144174218
1126	0.146398932
1127	0.147631645
1128	0.148814321
1129	0.148785204
1130	0.146724313
1131	0.145615384
1132	0.14353843
1133	0.144268513
1134	0.155019283
1135	0.168996722
1136	0.177417472
1137	0.189312577
1138	0.196544379
1139	0.210250899
1140	0.224479303
1141	0.239327744
1142	0.259142846
1143	0.278167248
1144	0.301337451
1145	0.329920143
1146	0.37097156
1147	0.420451671
1148	0.484185606
1149	0.555722892
1150	0.618082941
1151	0.676802218
1152	0.710803092
1153	0.735260427
1154	0.746189117
1155	0.715369225
1156	0.656739414
1157	0.60007751
1158	0.534636319
1159	0.488849103
1160	0.454813331
1161	0.428927809
1162	0.402062505
1163	0.379307419
1164	0.372080088
1165	0.367522925
1166	0.369635671
1167	0.378583729
1168	0.387550622
1169	0.402540624
1170	0.425003201
1171	0.453836083
1172	0.496294767
1173	0.545720518
1174	0.61474967
1175	0.685841858
1176	0.761259019
1177	0.834544003
1178	0.902013659
1179	0.961731434
1180	0.977244377
1181	0.976268828
1182	0.96707207
1183	0.924766243
1184	0.880628705
1185	0.854667187
1186	0.83055985
1187	0.827567577
1188	0.834469199
1189	0.842066109
1190	0.863353968
1191	0.882079184
1192	0.890162766
1193	0.897711873
1194	0.907268822
1195	0.924148619
1196	0.929290116
1197	0.928447366
1198	0.926057994
1199	0.917324066
1200	0.90198499
1201	0.877753735
1202	0.839533687
1203	0.801724494
1204	0.760309994
1205	0.716970742
1206	0.666425109
1207	0.614683986
1208	0.564778686
1209	0.516969264
1210	0.484970003
1211	0.458291382
1212	0.435320169
1213	0.410480708
1214	0.388572663
1215	0.366999835
1216	0.348609805
1217	0.341893673
1218	0.33394137
1219	0.328379005
1220	0.320799172
1221	0.31503123
1222	0.306490421
1223	0.298338383
1224	0.291464329
1225	0.280664921
1226	0.277335405
1227	0.272714436
1228	0.26761511
1229	0.254346013
1230	0.241077662
1231	0.228526041
1232	0.21665284
1233	0.216761515
1234	0.221431985
1235	0.222529858
1236	0.221839666
1237	0.221430421
1238	0.222194448
1239	0.221638292
1240	0.214203075
1241	0.203606352
1242	0.202134714
1243	0.205386728
1244	0.20651491
1245	0.203532681
1246	0.201089993
1247	0.199694425
1248	0.198390916
1249	0.20045571
1250	0.204968184
1251	0.204009458
1252	0.197294533
1253	0.191948339
1254	0.185303509
1255	0.179874331
1256	0.178497121
1257	0.178340554
1258	0.179037303
1259	0.17968592
1260	0.180116728
1261	0.180216879
1262	0.180159122
1263	0.178331792
1264	0.176797017
1265	0.179267377
1266	0.18308574
1267	0.183359981
1268	0.182400763
1269	0.182074264
1270	0.184769854
1271	0.18764022
1272	0.191598102
1273	0.19476676
1274	0.190761283
1275	0.183148429
1276	0.183179528
1277	0.1891848
1278	0.192844927
1279	0.192451894
1280	0.191640526
1281	0.191767737
1282	0.191870511
1283	0.193965122
1284	0.198542476
1285	0.199326232
1286	0.199477017
1287	0.201433852
1288	0.211521253
1289	0.218553901
1290	0.219523847
1291	0.221095651
1292	0.225218609
1293	0.231302232
1294	0.234786853
1295	0.239606023
1296	0.244476199
1297	0.257686317
1298	0.266423166
1299	0.262674391
1300	0.257174015
1301	0.256468415
1302	0.257134557
1303	0.25701341
1304	0.255536437
1305	0.255304366
1306	0.258356124
1307	0.262277961
1308	0.268580139
1309	0.274940521
1310	0.27796486
1311	0.280684203
1312	0.283196837
1313	0.286991328
1314	0.291413665
1315	0.301264197
1316	0.309183627
1317	0.322918445
1318	0.335684031
1319	0.333894908
1320	0.328635901
1321	0.33195281
1322	0.340957403
1323	0.345208764
1324	0.346567929
1325	0.34719637
1326	0.348324418
1327	0.348004341
1328	0.345116496
1329	0.341304421
1330	0.334790707
1331	0.324307203
1332	0.31700924
1333	0.30803749
1334	0.301048815
1335	0.292769939
1336	0.282675922
1337	0.26363942
1338	0.244149759
1339	0.235357031
1340	0.228363216
1341	0.225233585
1342	0.221191436
1343	0.220054641
1344	0.218034089
1345	0.215399057
1346	0.206958592
1347	0.198926717
1348	0.19821398
1349	0.199345499
1350	0.201488897
1351	0.206554666
1352	0.207189932
1353	0.205777273
1354	0.203556299
1355	0.197518975
1356	0.193179458
1357	0.194689736
1358	0.197147533
1359	0.196229219
1360	0.193855599
1361	0.192935452
1362	0.19368495
1363	0.195681244
1364	0.201541632
1365	0.203704849
1366	0.196273059
1367	0.191335738
1368	0.197084442
1369	0.203589961
1370	0.202158511
1371	0.197212592
1372	0.192453101
1373	0.18249464
1374	0.177312464
1375	0.171716973
1376	0.165589839
1377	0.153041527
1378	0.141809031
1379	0.136460587
1380	0.131838009
1381	0.126345873
1382	0.119527154
1383	0.117371842
1384	0.113935493
1385	0.112290435
1386	0.109199867
1387	0.107558712
1388	0.105894729
1389	0.104188576
1390	0.103212811
1391	0.102115192
1392	0.10405492
1393	0.109042272
1394	0.108380683
1395	0.105284058
1396	0.103701286
1397	0.102050446
1398	0.100992978
1399	0.0977635607
1400	0.0956236795
1401	0.102814563
1402	0.112115748
1403	0.114228263
1404	0.113917366
1405	0.108381152
1406	0.0977448747
1407	0.0958020464
1408	0.100145072
1409	0.102298968
1410	0.100637764
1411	0.0993234143
1412	0.100984298
1413	0.102088943
1414	0.0971715897
1415	0.0906576514
1416	0.0901938379
1417	0.0907286182
1418	0.0913306177
1419	0.0913310125
1420	0.0925918892
1421	0.0995680541
1422	0.104557544
1423	0.105409116
1424	0.106878757
1425	0.114066996
1426	0.121094801
1427	0.118854031
1428	0.114796691
1429	0.1208096
1430	0.138458639
1431	0.154659614
1432	0.171848252
1433	0.185577989
1434	0.200067133
1435	0.212326676
1436	0.227184772
1437	0.241072237
1438	0.252615362
1439	0.265715599
1440	0.278380811
1441	0.294676423
1442	0.312394887
1443	0.33673346
1444	0.349176466
1445	0.361418039
1446	0.365368515
1447	0.363061547
1448	0.36250034
1449	0.364362538
1450	0.363934427
1451	0.348814338
1452	0.322194189
1453	0.295698702
1454	0.263023973
1455	0.232195184
1456	0.200170889
1457	0.177837044
1458	0.158445343
1459	0.148338094
1460	0.14271678
1461	0.139228657
1462	0.133529454
1463	0.127201021
1464	0.117181927
1465	0.106134273
1466	0.100402191
1467	0.094406873
1468	0.0921644419
1469	0.0910443738
1470	0.0916490704
1471	0.0946946293
1472	0.0956409499
1473	0.0945788026
1474	0.092925787
1475	0.0866792351
1476	0.0828990489
1477	0.0903853253
1478	0.0971101001
1479	0.0874506086
1480	0.0743618608
1481	0.0787503794
1482	0.0902050585
1483	0.091167286
1484	0.0874233097
1485	0.0855282992
1486	0.0870780498
1487	0.0891063958
1488	0.0973425657
1489	0.102799855
1490	0.107098565
1491	0.110731319
1492	0.113300078
1493	0.114665903
1494	0.11009717
1495	0.10271918
1496	0.098226741
1497	0.0936838761
1498	0.0897496045
1499	0.0823780596
1500	0.0810574293
1501	0.0834283456
1502	0.0840859488
1503	0.0804548636
1504	0.0787033737
1505	0.0808270276
1506	0.0820414424
1507	0.0791305006
1508	0.0771427304
1509	0.0827817917
1510	0.0893564373
1511	0.0868700072
1512	0.0808352306
1513	0.0764164701
1514	0.0714420825
1515	0.0727476627
1516	0.0797337741
1517	0.0818523467
1518	0.0791670159
1519	0.0777899101
1520	0.0745587572
1521	0.0739588216
1522	0.0812193975
1523	0.0863448605
1524	0.0868041366
1525	0.0863700733
1526	0.0844324976
1527	0.0825599059
1528	0.0828193426
1529	0.0841833204
1530	0.0811079368
1531	0.0741390139
1532	0.0763843954
1533	0.0878067687
1534	0.0897076726
1535	0.0815286264
1536	0.0784804523
1537	0.0793504789
1538	0.0796423703
1539	0.0761441439
1540	0.0737641528
1541	0.0767412037
1542	0.0801235959
1543	0.0796265379
1544	0.0783576965
1545	0.0798591524
1546	0.0815449432
1547	0.079415001
1548	0.0763016567
1549	0.0780106038
1550	0.0836218894
1551	0.0841191262
1552	0.0799484998
1553	0.0798479319
1554	0.0838605613
1555	0.0867795572
1556	0.0924914926
1557	0.0961984023
1558	0.0983588919
1559	0.0994618535
1560	0.0958481133
1561	0.0929979384
1562	0.100836091
1563	0.110186905
1564	0.110106401
1565	0.10847526
1566	0.106756471
1567	0.103588402
1568	0.113137081
1569	0.135577604
1570	0.145408705
1571	0.155673385
1572	0.169242874
1573	0.191055328
1574	0.206888661
1575	0.222285867
1576	0.245008335
1577	0.298490793
1578	0.354989201
1579	0.416612178
1580	0.461116195
1581	0.492760569
1582	0.509699285
1583	0.485098422
1584	0.439977676
1585	0.384191245
1586	0.328457534
1587	0.300958276
1588	0.282295644
1589	0.288092852
1590	0.310741395
1591	0.332885832
1592	0.362800837
1593	0.404069513
1594	0.466078848
1595	0.536834657
1596	0.623820782
1597	0.724024951
1598	0.851709366
1599	0.938440084
1600	0.998821735
1601	1.0166626
1602	0.971809328
1603	0.904841721
1604	0.79806751
1605	0.680326819
1606	0.576563358
1607	0.482003421
1608	0.398701727
1609	0.330753356
1610	0.287467003
1611	0.253615886
1612	0.225566208
1613	0.200631261
1614	0.17380555
1615	0.146831304
1616	0.138908684
1617	0.135237113
1618	0.131793857
1619	0.126964509
1620	0.122507706
1621	0.11510855
1622	0.110379755
1623	0.105745077
1624	0.103396669
1625	0.0996173024
1626	0.096926719
1627	0.0937234014
1628	0.0913328379
1629	0.0874945968
1630	0.0859676003
1631	0.0850015581
1632	0.0844264552
1633	0.0838750526
1634	0.082092613
1635	0.0806227326
1636	0.0797054544
1637	0.079007268
1638	0.078981176
1639	0.0806497037
1640	0.0827024058
1641	0.0782108381
1642	0.0703577399
1643	0.0693902597
1644	0.0689472109
1645	0.072763741
1646	0.0784791037
1647	0.0742166638
1648	0.0635819733
1649	0.063123256
1650	0.06898994
1651	0.0692519024
1652	0.0656248033
1653	0.0620478988
1654	0.0557789095
1655	0.0527243689
1656	0.0508942679
1657	0.0512829795
1658	0.0548277386
1659	0.0588470548
1660	0.067836374
1661	0.0727196634
1662	0.0708048418
1663	0.0685907155
1664	0.0634551644
1665	0.0600477085
1666	0.0588227063
1667	0.0583914369
1668	0.0635790303
1669	0.067293331
1670	0.0627636686
1671	0.0581511855
1672	0.0574775077
1673	0.0575519688
1674	0.0606142282
1675	0.0645104721
1676	0.0627633482
1677	0.0603859052
1678	0.0622366071
1679	0.063936159
1680	0.060134504
1681	0.0541455522
1682	0.0562840849
1683	0.0607352331
1684	0.0664675385
1685	0.073631458
1686	0.0713484511
1687	0.0658536106
1688	0.0646338612
1689	0.0659400001
1690	0.0660643503
1691	0.0640642419
1692	0.0635216758
1693	0.0624374859
1694	0.0644416511
1695	0.0695135668
1696	0.0673348606
1697	0.0557867065
1698	0.0499927402
1699	0.0449582934
1700	0.0443665572
1701	0.0493078455
1702	0.0528309718
1703	0.0605815314
1704	0.0622646883
1705	0.0588235855
1706	0.0585070364
1707	0.0601893999
1708	0.0606197156
1709	0.0583188049
1710	0.057338044
1711	0.0580452904
1712	0.0572060645
1713	0.0531676561
1714	0.0529246107
1715	0.0609183684
1716	0.0632034466
1717	0.0542517565
1718	0.0475213379
1719	0.0454996713
1720	0.0450495444
1721	0.0458999202
1722	0.0472287387
1723	0.0491200984
1724	0.0510237813
1725	0.0561909303
1726	0.0583428368
1727	0.045740962
1728	0.036764849
1729	0.0424767062
1730	0.0484249368
1731	0.0548131838
1732	0.057915058
1733	0.0497290157
1734	0.0441210531
1735	0.0492578894
1736	0.0546331517
1737	0.0567806773
1738	0.057670027
1739	0.0565527454
1740	0.0556882173
1741	0.0546033122
1742	0.0530745722
1743	0.0519812331
1744	0.0516354069
1745	0.0570529215
1746	0.0609715879
1747	0.0525055118
1748	0.0441378355
1749	0.0462146401
1750	0.0486272462
1751	0.0467300043
1752	0.0459291898
1753	0.0539458692
1754	0.0618369207
1755	0.0559257679
1756	0.0479758419
1757	0.0444066525
1758	0.0422656536
1759	0.0448752381
1760	0.0470483042
1761	0.0425463244
1762	0.0383655876
1763	0.0434644781
1764	0.0495940112
1765	0.0509583876
1766	0.0517864041
1767	0.0481909625
1768	0.0440513641
1769	0.0424172841
1770	0.0411058068
1771	0.0403450169
1772	0.0406266451
1773	0.0476530902
1774	0.0538526252
1775	0.0465493277
1776	0.039847441
1777	0.0454702377
1778	0.0513248257
1779	0.0471454412
1780	0.0428078286
1781	0.0487797521
1782	0.0537041761
1783	0.0445124656
1784	0.0363129713
1785	0.0433839671
1786	0.0494523197
1787	0.0510770045
1788	0.0513136052
1789	0.0455493964
1790	0.0418129787
1791	0.046988558
1792	0.0517355688
1793	0.057495486
1794	0.0604170077
1795	0.0516322292
1796	0.0446102396
1797	0.0484200865
1798	0.0514120199
1799	0.0513861626
1800	0.0517813116
1801	0.0495964736
1802	0.0480191186
1803	0.0450012535
1804	0.0431966893
1805	0.0456805043
1806	0.0481691658
1807	0.0522904657
1808	0.0540223159
1809	0.0537973344
1810	0.0521693826
1811	0.0491843782
1812	0.0474301726
1813	0.048305206
1814	0.0488096699
1815	0.0493085608
1816	0.0497453213
1817	0.0493508093
1818	0.0487537384
1819	0.0464078002
1820	0.0443261452
1821	0.0404189266
1822	0.0370962806
1823	0.0321043134
1824	0.0354629196
1825	0.0495465137
1826	0.0551128685
1827	0.0518253073
1828	0.0462456644
1829	0.0338519961
1830	0.0361328609
1831	0.0512233041
1832	0.0548043512
1833	0.0549851842
1834	0.0510293543
1835	0.0439361632
1836	0.0429532565
1837	0.0446376801
1838	0.0389504842
1839	0.0283698142
1840	0.0291814394
1841	0.032935597
1842	0.0309561696
1843	0.0281837322
1844	0.0329667814
1845	0.0388567671
1846	0.0386062451
1847	0.037029691
1848	0.0322084539
1849	0.0267873704
1850	0.0257615764
1851	0.0261926111
1852	0.0342238434
1853	0.0408653095
1854	0.0384535007
1855	0.0358558483
1856	0.0405134335
1857	0.0443809591
1858	0.0472165681
1859	0.0483338423
1860	0.0426242873
1861	0.0394879654
1862	0.0390160456
1863	0.0384255722
1864	0.0381471328
1865	0.0361878313
1866	0.0295360982
1867	0.0290736444
1868	0.0368431322
1869	0.041312892
1870	0.0466813184
1871	0.0431851558
1872	0.0299852695
1873	0.0286945179
1874	0.0353829674
1875	0.0361031853
1876	0.0348952115
1877	0.0391047448
1878	0.0473696291
1879	0.0393359326
1880	0.0262701772
1881	0.025626732
1882	0.028093515
1883	0.0296991877
1884	0.0317603983
1885	0.0388662331
1886	0.0457356758
1887	0.0407748558
1888	0.0342512093
1889	0.029630851
1890	0.0274651852
1891	0.0283530671
1892	0.0301146284
1893	0.0327077471
1894	0.0341763496
1895	0.0347098447
1896	0.0366917774
1897	0.0400121585
1898	0.0425262004
1899	0.0461478904
1900	0.0443916209
1901	0.033759553
1902	0.0320060626
1903	0.0336308293
1904	0.0326693207
1905	0.0271100476
1906	0.0246560704
1907	0.0222250056
1908	0.0207222793
1909	0.0202860758
1910	0.0212780554
1911	0.0228890199
1912	0.0248879753
1913	0.0269727334
1914	0.0281726755
1915	0.0292500965
1916	0.0320670828
1917	0.0327675715
1918	0.0273975637
1919	0.0243446101
1920	0.0290355738
1921	0.0327346362
1922	0.0341132618
1923	0.0348870195
1924	0.0400287881
1925	0.0385188162
1926	0.0283429995
1927	0.0282919277
1928	0.0383920036
1929	0.0384949483
1930	0.0329950228
1931	0.0314211734
1932	0.0307564028
1933	0.0330106169
1934	0.0359337293
1935	0.0304313414
1936	0.0243913494
1937	0.0293784179
1938	0.0339796841
1939	0.0316485427
1940	0.0298848711
1941	0.0352812149
1942	0.0369041525
1943	0.0293454826
1944	0.0262046233
1945	0.0307910107
1946	0.033114437
1947	0.0324116386
1948	0.0309093893
1949	0.0284272507
1950	0.0328495167
1951	0.0418859273
1952	0.0429051258
1953	0.040537145
1954	0.0379394144
1955	0.0345773064
1956	0.0381620079
1957	0.0411902145
1958	0.0354960151
1959	0.0290399082
1960	0.0280202441
1961	0.0280686133
1962	0.0259613413
1963	0.026116794
1964	0.0329074338
1965	0.0345335528
1966	0.031627778
1967	0.0304973703
1968	0.032647524
1969	0.0354004726
1970	0.0410724767
1971	0.040756084
1972	0.0393318757
1973	0.0344683975
1974	0.0279017054
1975	0.0211699381
1976	0.0144077428
1977	0.0195960496
1978	0.0263240393
1979	0.0335726812
1980	0.0363088362
1981	0.0323124379
1982	0.0304225069
1983	0.0250744931
1984	0.0231109373
1985	0.0249435063
1986	0.0261354093
1987	0.0288366433
1988	0.0301505476
1989	0.0314693041
1990	0.0295164511
1991	0.0263466313
1992	0.0307063647
1993	0.0346246436
1994	0.0246418305
1995	0.0165369716
1996	0.0178395379
1997	0.0190473925
1998	0.0230685379
1999	0.02617638
2000	0.0315643735
2001	0.028913416
2002	0.0188006889
2003	0.0188337862
2004	0.0225223862
2005	0.0231948718
2006	0.0242577344
2007	0.025490053
2008	0.0269610398
2009	0.0275372602
2010	0.0275696404
2011	0.024428701
2012	0.0209882334
2013	0.0168289002
2014	0.014733443
2015	0.0148412799
2016	0.0198360253
2017	0.0299540833
2018	0.0312326271
2019	0.0266789738
2020	0.0230945125
2021	0.0198060758
2022	0.0217272267
2023	0.0255317427
2024	0.0278914422
2025	0.0291268639
2026	0.0189038739
2027	0.0125838872
2028	0.00839563645
2029	0.00924525037
2030	0.0145075042
2031	0.0213793293
2032	0.0337607861
2033	0.0326740593
2034	0.0253432728
2035	0.0282750614
2036	0.0333348028
2037	0.0319674015
2038	0.0294980705
2039	0.0241576545
2040	0.0208980571
2041	0.0227080286
2042	0.0233815871
2043	0.024952298
2044	0.0246658958
2045	0.0223250873
2046	0.0258609429
2047	0.0332782827
2048	0.0311093144
2049	0.027776923
2050	0.0252775997
2051	0.0239712149
2052	0.0232517533
2053	0.0218707453
2054	0.0184882339
2055	0.0177834108
2056	0.0198755674
2057	0.0207692161
2058	0.0213516857
2059	0.0214248355
2060	0.0212191828
2061	0.0200761296
2062	0.0197115261
2063	0.0234202538
2064	0.0264705792
2065	0.0250088628
2066	0.0227419212
2067	0.0140277036
2068	0.0145727796
2069	0.0247471221
2070	0.0262455959
2071	0.0223617628
2072	0.0216884837
2073	0.0212597977
2074	0.0177910477
2075	0.0139635811
2076	0.0179742649
2077	0.0205317009
2078	0.0147808185
2079	0.0120880557
2080	0.0165629461
2081	0.0209342539
2082	0.0268050302
2083	0.028726222
2084	0.0299208295
2085	0.0224367846
2086	0.0124031352
2087	0.0131762587
2088	0.0153848864
2089	0.0221212655
2090	0.0255686566
2091	0.02889142
2092	0.027796099
2093	0.0227896944
2094	0.0233128518
2095	0.0257932413
2096	0.0288340189
2097	0.0318751968
2098	0.024444811
2099	0.0165592469
2100	0.0169093311
2101	0.0178228691
2102	0.0168668088
2103	0.0201295894
2104	0.0273673311
2105	0.0247321669
2106	0.0135802012
2107	0.0138518466
2108	0.0149395298
2109	0.0282126088
2110	0.0385152362
2111	0.0233636461
2112	0.0125198439
2113	0.00821385067
2114	0.00850546174
2115	0.0164463166
2116	0.0172814131
2117	0.0157121755
2118	0.0141070988
2119	0.0127501581
2120	0.0207861215
2121	0.0281611364
2122	0.0224192813
2123	0.0181632917
2124	0.0112555046
2125	0.0110782143
2126	0.0149676539
2127	0.0167538021
2128	0.0183496084
2129	0.0172894485
2130	0.0156759396
2131	0.0142305708
2132	0.0125077106
2133	0.0113605997
2134	0.0130418492
2135	0.0222092941
2136	0.0215652138
2137	0.0142920669
2138	0.0179916862
2139	0.0258358419
2140	0.0231492836
2141	0.0215751566
2142	0.0180871543
2143	0.0149888555
2144	0.00752513623
2145	0.0114211794
2146	0.0254472531
2147	0.0277057607
2148	0.0280208793
2149	0.0165577754
2150	0.00547164446
2151	0.0088273054
2152	0.0127017489
2153	0.0204840899
2154	0.0208346527
2155	0.0151012288
2156	0.0142967217
2157	0.014509174
2158	0.0141064646
2159	0.0139698638
2160	0.00530457683
2161	0.00118880149
2162	0.0100587495
2163	0.0140103595
2164	0.0118295001
2165	0.0180922449
2166	0.0291309599
2167	0.020849131
2168	0.00918403268
2169	0.0156379901
2170	0.0188470706
2171	0.00764570339
2172	0.00666478183
2173	0.0191363357
2174	0.0243111607
2175	0.0257951096
2176	0.0251738187
2177	0.0235860068
2178	0.0149749732
2179	0.0103397388
2180	0.0151830111
2181	0.0183265768
2182	0.0180101842
2183	0.0173849165
2184	0.0169720221
2185	0.011048899
2186	0.00498488219
2187	0.00973344408
2188	0.0141259944
2189	0.0178505164
2190	0.0152335698
2191	0.00562856765
2192	0.0125844833
2193	0.0270805322
2194	0.0277761631
2195	0.0280573163
2196	0.024542544
2197	0.021360198
2198	0.0200221892
2199	0.0190136191
2200	0.0179869141
2201	0.0180933587
2202	0.0216585696
2203	0.0215924196
2204	0.0211322289
2205	0.0248289835
2206	0.026005337
2207	0.02533512
2208	0.0200625658
2209	0.00791702885
2210	0.0126766888
2211	0.0204374678
2212	0.0157939196
2213	0.013996996
2214	0.0180282816
2215	0.0187621862
2216	0.0171921141
2217	0.0236809943
2218	0.0334739089
2219	0.0208488125
2220	0.00667202054
2221	0.00178956636
2222	0.00133768981
2223	0.00691916142
2224	0.0139574949
2225	0.020133527
2226	0.0180087928
2227	0.0128441136
2228	0.00957381632
2229	0.00777772581
2230	0.0127284396
2231	0.0154182594
2232	0.0161312744
2233	0.0174349565
2234	0.018168699
2235	0.0101520661
2236	0.00387416501
2237	0.00673940452
2238	0.0055949958
2239	-0.000951884373
2240	-0.000157918199
2241	0.00534479227
2242	0.00917396974
2243	0.0143518141
2244	0.0203663856
2245	0.0202715155
2246	0.00609384989
2247	0.00247704727
2248	0.00661887741
2249	0.00437496882
2250	0.0021182911
2251	0.00419517281
2252	0.00842630491
2253	0.0227447823
2254	0.0242898371
2255	0.015451394
2256	0.00834293012
2257	0.00280469726
2258	-0.00126624841
2259	-0.00479108561
2260	-0.00428423565
2261	0.000183176948
2262	0.0119976792
2263	0.0115951672
2264	0.00489955861
2265	-0.00375638297
2266	-0.00893578026
2267	0.00240656082
2268	0.0110125421
2269	0.0205312259
2270	0.0163390767
2271	0.00278102979
2272	0.0037775049
2273	0.0058102347
2274	0.00454474054
2275	0.00420829933
2276	0.00607634662
2277	0.00531297037
2278	0.00424016127
2279	0.00252641155
2280	-0.000346067245
2281	0.00331373466
2282	0.0068076225
2283	0.0153576378
2284	0.00403454993
2285	-0.0162280947
2286	-0.00824265089
2287	0.00456073182
2288	0.0147526562
2289	0.01472684
2290	-0.00103004766
2291	-0.00258886302
2292	0.00156863988
2293	0.00863338728
2294	0.0156860426
2295	0.0209927689
2296	0.0185741559
2297	0.00173117197
2298	0.00478404434
2299	0.0153781632
2300	0.00543047395
2301	-0.00428809365
2302	0.00177795067
2303	0.00523615908
2304	0.0114756357
2305	0.0162836649
2306	0.0207609423
2307	0.0112413447
2308	0.0039168857
2309	0.00751117431
2310	0.00801289268
2311	0.00576106785
2312	0.00482716272
2313	0.00136000558
2314	-0.0030160374
2315	-0.00485055242
2316	-0.00345637812
2317	-0.000141609344
2318	0.00379616022
2319	0.000646390021
2320	-0.00398514559
2321	-0.00402730936
2322	-0.00369906286
2323	-0.00301046879
2324	-0.00310700946
2325	0.000224943506
2326	0.0089551108
2327	0.0167783033
2328	0.014965388
2329	0.0124424351
2330	0.0081204921
2331	0.00516730407
2332	-0.000358318706
2333	-0.00531376572
2334	-0.00666203676
2335	0.00484828511
2336	0.00573926978
2337	-0.00428208802
2338	0.00263174321
2339	0.0149962548
2340	0.0132656805
2341	0.00873108208
2342	-0.00389353698
2343	-0.0056166742
2344	0.000524550735
2345	0.00655813701
2346	0.0126977302
2347	0.0152687738
2348	0.0148586631
2349	0.00931422506
2350	0.00863537751
2351	0.00934445765
2352	0.00528190425
2353	0.00342745986
2354	0.00517561659
2355	0.00655559078
2356	0.00970933866
2357	-0.00108183862
2358	-0.0099204015
2359	0.00273858686
2360	0.00893247686
2361	0.00106835435
2362	-0.00432659872
2363	-0.00871759839
2364	0.00384178618
2365	0.0134753073
2366	0.00281921588
2367	0.00266288989
2368	0.00742266886
2369	0.00147404859
2370	-0.00543361669
2371	0.0117283445
2372	0.0180741064
2373	0.0113449264
2374	0.0150195248
2375	0.0239420198
2376	0.0127767306
2377	0.00321619958
2378	0.00308194896
2379	0.00232111802
2380	0.00210985774
2381	-0.00186235958
2382	-0.00495019555
2383	0.00876855291
2384	0.0136713339
2385	0.0035339056
2386	0.00307992008
2387	0.00636382215
2388	0.01124385
2389	0.0138025209
